{
  "episode_rewards": [
    2202.5050085733146,
    -931.9403205688486,
    -662.3125308214858,
    -130.43340926260862,
    2116.5133477147483,
    1897.938047800093,
    -2042.773616495061,
    -2655.0930485227855,
    1958.6724701922813,
    -1591.1483910287516,
    358.93748984650665,
    470.9299860095234,
    -1248.7501846058767,
    1369.5133098656424,
    1478.204039667964,
    -946.7110955081043,
    1268.5406430940602,
    -1224.1367036490083,
    -1007.2718468827934,
    200.22915405093954,
    -297.95465879492986,
    -1500.720195260832,
    146.9298577745576,
    5313.739071526006,
    -1918.027326753605,
    2170.247152456979,
    -1380.7398526715424,
    2052.2007120961425,
    -830.5355141731307,
    -242.9574888469142,
    2829.7030257690567,
    -836.1036656787983,
    -853.4473715887325,
    -651.4419427094308,
    -1835.5134734251424,
    752.1966474339806,
    -1025.7883913750557,
    1489.0120906332922,
    -114.80235117815755,
    -1885.6855260994507,
    3648.7292576513373,
    2841.16994248588,
    1581.9020121655194,
    -1215.2886255160884,
    -1421.699266599262,
    -2157.4536080458065,
    286.90499594803987,
    861.6118433015981,
    836.8653732454641,
    1118.6034765109707
  ],
  "episode_lengths": [
    100,
    100,
    100,
    100,
    100,
    100,
    100,
    100,
    100,
    100,
    100,
    100,
    100,
    100,
    100,
    100,
    100,
    100,
    100,
    100,
    100,
    100,
    100,
    100,
    100,
    100,
    100,
    100,
    100,
    100,
    100,
    100,
    100,
    100,
    100,
    100,
    100,
    100,
    100,
    100,
    100,
    100,
    100,
    100,
    100,
    100,
    100,
    100,
    100,
    100
  ],
  "net_worths": [],
  "total_returns": [
    22.025050085733145,
    -9.31940320568848,
    -6.623125308214862,
    -1.3043340926260916,
    21.165133477147478,
    18.97938047800094,
    -20.427736164950616,
    -26.550930485227852,
    19.58672470192282,
    -15.911483910287515,
    3.5893748984650697,
    4.7092998600952285,
    -12.487501846058768,
    13.69513309865642,
    14.78204039667963,
    -9.467110955081049,
    12.685406430940604,
    -12.24136703649008,
    -10.072718468827935,
    2.0022915405093933,
    -2.9795465879493,
    -15.007201952608318,
    1.4692985777455814,
    53.13739071526007,
    -19.18027326753605,
    21.702471524569788,
    -13.80739852671542,
    20.522007120961415,
    -8.305355141731308,
    -2.4295748884691437,
    28.29703025769057,
    -8.361036656787979,
    -8.534473715887325,
    -6.5144194270943085,
    -18.355134734251422,
    7.521966474339803,
    -10.257883913750554,
    14.890120906332927,
    -1.1480235117815707,
    -18.85685526099451,
    36.487292576513376,
    28.411699424858796,
    15.819020121655193,
    -12.152886255160888,
    -14.216992665992622,
    -21.574536080458063,
    2.8690499594804075,
    8.616118433015973,
    8.368653732454634,
    11.18603476510971
  ],
  "validation_rewards": [
    0.0,
    0.0
  ],
  "best_validation_reward": 0.0
}